Alan,Dri,04/08/1995,38260500,Diputado,Hermanas Bentancourt,Concordia Norte,Concordia,Entre Rios,
Ramiro,Garcia,17/06/1993,36546998,Diputado,Buenos Aires,Concordia Norte,Concordia,Entre Rios,
Emilio,Olivieri,10/05/1994,37888190,Diputado,Pueyrredon,Goya Norte,Goya,Corrientes,
Rebeca,Pereira,19/02/1960,20000000,Diputado,Pueyrredon,Concordia Sur,Concordia,Entre Rios,
Pablo,Burna,18/10/1999,20000001,Diputado,Pueyrredon,Iguazu Sur,Iguazu,Misiones,
Irene,Lopez,20/11/1965,20000002,Diputado,Pueyrredon,Concordia Sur,Concordia,Entre Rios,
Joan,Salanitri,27/01/1938,20000003,Diputado,Paraguay,Ituzaingo Norte,Ituzaingo,Corrientes,
Daniel,Ballesteros,04/04/1967,20000004,Diputado,Paraguay,Iguazu Norte,Iguazu,Misiones,
Pablo,Fernandez,21/06/1929,20000005,Diputado,Paraguay,Caballito Norte,Caballito,CABA,
Jorge,Ramirez,10/08/1952,20000006,Diputado,Paraguay,Apostoles Sur,Apostoles,Misiones,
Luis,Olmos,27/01/1969,20000007,Diputado,Chile,Goya Sur,Goya,Corrientes,
Beatriz,Burna,02/01/1943,20000008,Diputado,Chile,Apostoles Norte,Apostoles,Misiones,
Maria,Lopez,04/07/1925,20000009,Diputado,Chile,Olavarria Norte,Olavarria,Buenos Aires,
Andrea,Palpala,26/12/1949,20000010,Diputado,Chile,Gualeguaychu Norte,Gualeguaychu,Entre Rios,
David,Schatz,25/01/1996,20000011,Diputado,Chile,Recoleta Sur,Recoleta,CABA,
Carlos,Palpala,06/11/1967,20000012,Diputado,Las Camelias,Esquina Norte,Esquina,Corrientes,
Alejandro,Berecoechea,19/08/1986,20000013,Diputado,Las Camelias,Iguazu Norte,Iguazu,Misiones,
Laura,Blanco,26/04/1966,20000014,Diputado,Las Camelias,Caballito Sur,Caballito,CABA,
Nerea,Locaso,01/09/1923,20000015,Diputado,Las Camelias,Parana Norte,Parana,Entre Rios,
Pablo,Burna,02/07/1940,20000016,Diputado,Las Camelias,Iguazu Sur,Iguazu,Misiones,
Fatima,Izarriegui,26/05/1930,20000017,Diputado,Las Camelias,Iguazu Norte,Iguazu,Misiones,
Mailen,Oliveri,31/01/1969,20000018,Diputado,Alvear,Goya Norte,Goya,Corrientes,
Lorena,Galeano,16/08/1950,20000019,Diputado,Alvear,Parana Norte,Parana,Entre Rios,
Ainhoa,Romero,11/01/1964,20000020,Diputado,Alvear,Tandil Sur,Tandil,Buenos Aires,
Elena,Espada,13/12/1994,20000021,Diputado,Alvear,Concordia Norte,Concordia,Entre Rios,
Leire,Olmos,25/03/2003,20000022,Diputado,Alvear,Iguazu Norte,Iguazu,Misiones,
Jorge,Buena,05/02/1931,20000023,Diputado,Alvear,Parana Sur,Parana,Entre Rios,
Maider,Riconnada,16/11/1973,20000024,Diputado,Alvear,Obera Norte,Obera,Misiones,
Ludmila,Rueda,01/05/1981,20000025,Diputado,Saavedra,Esquina Sur,Esquina,Corrientes,
Marcelo,Meza,01/05/1946,20000026,Diputado,Saavedra,Recoleta Norte,Recoleta,CABA,
Eduardo,Salto,29/02/1982,20000027,Diputado,Saavedra,La Plata Norte,La Plata,Buenos Aires,
Sandra,Monzon,22/02/1927,20000028,Diputado,Alverdi,Goya Sur,Goya,Corrientes,
Xabier,Monzon,24/02/1952,20000029,Diputado,Los Jasminez,Esquina Sur,Esquina,Corrientes,
Ainhoa,Schatz,21/09/1948,20000030,Diputado,Los Jasminez,Concordia Sur,Concordia,Entre Rios,
Miguel Angel,Salanitri,05/07/1930,20000031,Diputado,Los Jasminez,Iguazu Sur,Iguazu,Misiones,
Jesus,Ferro,15/10/1924,20000032,Diputado,Andrade,Goya Norte,Goya,Corrientes,
Nicolas,Cicognini,24/01/1994,20000033,Diputado,Andrade,Recoleta Sur,Recoleta,CABA,
Amaia,Olmos,16/09/1927,20000034,Diputado,Entre Rios,Goya Sur,Goya,Corrientes,
Facundo,Barenghi,09/05/1932,20000035,Diputado,Entre Rios,Obera Sur,Obera,Misiones,
Ivan,Olmos,11/01/1925,20000036,Diputado,Entre Rios,Caballito Sur,Caballito,CABA,
Mailen,Ramirez,09/09/1936,20000037,Diputado,Entre Rios,Concordia Norte,Concordia,Entre Rios,
Alberto,Ledesma,04/02/1942,20000038,Diputado,Entre Rios,Gualeguaychu Norte,Gualeguaychu,Entre Rios,
Facundo,Garcia Gelsi,17/01/1935,20000039,Diputado,Entre Rios,Iguazu Norte,Iguazu,Misiones,
Victor,Salanitri,21/07/1991,20000040,Diputado,Entre Rios,Concordia Sur,Concordia,Entre Rios,
Rogelia,Olmos,12/03/1998,20000041,Diputado,Urquiza,Goya Norte,Goya,Corrientes,
Mirna,Pereira,29/01/1923,20000042,Diputado,Urquiza,Iguazu Norte,Iguazu,Misiones,
Raul,Izarriegui,11/09/1969,20000043,Diputado,Urquiza,La Plata Sur,La Plata,Buenos Aires,
Francisco ,Curbelo,07/05/1988,20000044,Diputado,Urquiza,Recoleta Norte,Recoleta,CABA,
Rebeca,Vallejos,01/09/1967,20000045,Diputado,Urquiza,La Plata Sur,La Plata,Buenos Aires,
Gabriel,Brown,27/09/1962,20000046,Diputado,Urquiza,Apostoles Norte,Apostoles,Misiones,
Jose Manuel,Oliveri,08/06/2002,20000047,Diputado,Urquiza,Tandil Sur,Tandil,Buenos Aires,
Lucia,Garcia,21/08/1928,20000048,Diputado,Urquiza,Tandil Sur,Tandil,Buenos Aires,
Nerea,Buena,27/01/1944,20000049,Diputado,Urquiza,La Plata Norte,La Plata,Buenos Aires,
Alberto,Ferro,05/07/1938,20000050,Diputado,Urquiza,Apostoles Sur,Apostoles,Misiones,
Daniel,Salto,20/01/2004,20000051,Diputado,Urquiza,Concordia Norte,Concordia,Entre Rios,
Sofia,Romero,18/02/2000,20000052,Diputado,Urquiza,Tandil Sur,Tandil,Buenos Aires,
Emilio,Burna,29/09/1954,20000053,Diputado,Urquiza,Olavarria Sur,Olavarria,Buenos Aires,
Andoni,Blanco,15/05/1999,20000054,Diputado,Urquiza,Recoleta Norte,Recoleta,CABA,
Ainhoa,Salanitri,01/04/1925,20000055,Diputado,Urquiza,Palermo Sur,Palermo,CABA,
Emilio,Locaso,03/07/1973,20000056,Diputado,Urquiza,Caballito Norte,Caballito,CABA,
Javier,Gomez,30/09/1994,20000057,Diputado,Urquiza,Apostoles Norte,Apostoles,Misiones,
Nicolas,Cartas,07/11/1956,20000058,Diputado,Urquiza,Obera Norte,Obera,Misiones,
Alejandro,Palacio,28/08/2002,20000059,Diputado,Urquiza,Palermo Sur,Palermo,CABA,
Noelia,Gimenez,05/01/1989,20000060,Diputado,Urquiza,Concordia Sur,Concordia,Entre Rios,
Luis,Espada,10/11/1948,20000061,Diputado,Urquiza,Iguazu Norte,Iguazu,Misiones,
Carolina,Ramirez,08/12/1970,20000062,Diputado,Urquiza,Parana Sur,Parana,Entre Rios,
Patricia,Blanco,23/01/1968,20000063,Diputado,Urquiza,Caballito Norte,Caballito,CABA,
Noela,Ferro,01/07/2000,20000064,Diputado,Buenos Aires,Ituzaingo Norte,Ituzaingo,Corrientes,
Alicia,Cicognini,29/09/1938,20000065,Diputado,Buenos Aires,Obera Sur,Obera,Misiones,
Antonio,Ballesteros,09/03/2001,20000066,Diputado,Buenos Aires,Recoleta Norte,Recoleta,CABA,
Miguel ,Riconnada,06/06/1971,20000067,Diputado,Buenos Aires,Recoleta Sur,Recoleta,CABA,
Adrian,Vallejos,28/07/1976,20000068,Diputado,Peru,Ituzaingo Norte,Ituzaingo,Corrientes,
Pablo,Gelsi,12/12/1949,20000069,Diputado,Peru,Caballito Sur,Caballito,CABA,
Iker,Schatz,05/04/1927,20000070,Diputado,Ramirez,Goya Norte,Goya,Corrientes,
Andoni,Izaguirren,02/04/1959,20000071,Diputado,Ramirez,Concordia Sur,Concordia,Entre Rios,
Maider,Brown,12/12/1923,20000072,Diputado,Ramirez,Parana Norte,Parana,Entre Rios,
Noela,Cartas,16/03/1954,20000073,Diputado,Ramirez,Apostoles Sur,Apostoles,Misiones,
Mikel,Salto,20/03/1947,20000074,Diputado,Almirante Brown,Esquina Sur,Esquina,Corrientes,
Matias,Gelsi,31/07/1950,20000075,Diputado,Almirante Brown,Olavarria Norte,Olavarria,Buenos Aires,
Ane,Locaso,15/01/1985,20000076,Diputado,Almirante Brown,Recoleta Sur,Recoleta,CABA,
Josue,De Ferrari,27/05/1931,20000077,Diputado,Urquiza,Esquina Sur,Esquina,Corrientes,
Lorena,Berazategui,30/10/1930,20000079,Diputado,Urquiza,Palermo Norte,Palermo,CABA,
Mailen,Olmos,21/06/1957,20000081,Diputado,Urquiza,Caballito Sur,Caballito,CABA,
Andrea,Ferro,02/10/1986,20000082,Diputado,Urquiza,Olavarria Norte,Olavarria,Buenos Aires,
Sandra,Garcia Gelsi,22/02/1975,20000083,Diputado,Alverdi,Goya Norte,Goya,Corrientes,
Marta,Locaso,27/10/1934,20000084,Diputado,Alverdi,Olavarria Norte,Olavarria,Buenos Aires,
Rebeca,Moledo,23/01/1954,20000085,Diputado,Alverdi,Recoleta Norte,Recoleta,CABA,
Liliana,Palpala,12/01/1974,20000086,Diputado,Alverdi,Gualeguaychu Norte,Gualeguaychu,Entre Rios,
Sofia,Brown,06/10/1981,20000088,Diputado,Las Heras,Goya Sur,Goya,Corrientes,
Matias,Cartas,04/01/2005,20000089,Diputado,Las Heras,Caballito Sur,Caballito,CABA,
Miguel Angel,Meza,04/02/1995,20000090,Diputado,Cordoba,Ituzaingo Sur,Ituzaingo,Corrientes,
Martin,Biliani,25/01/1954,20000091,Diputado,Cordoba,Concordia Norte,Concordia,Entre Rios,
Ivan,Gomez,24/02/1978,20000102,Diputado,Cordoba,La Plata Sur,La Plata,Buenos Aires,
Carolina,Trupiano,06/10/2002,20000106,Diputado,Cordoba,La Plata Norte,La Plata,Buenos Aires,
Jesus,Monzon,04/06/1937,20000109,Diputado,Andrade,Ituzaingo Sur,Ituzaingo,Corrientes,
Raul,Buena,01/05/1926,20000110,Diputado,Andrade,La Plata Sur,La Plata,Buenos Aires,
Xabier,Buena,23/10/1990,20000113,Diputado,Andrade,La Plata Norte,La Plata,Buenos Aires,
Javier,Palpala,12/02/1992,20000114,Senador,La Paz,Ituzaingo Norte,Ituzaingo,Corrientes,
Josue,Olivera,20/02/1988,20000116,Diputado,La Paz,Tandil Norte,Tandil,Buenos Aires,
Roberto,Cartas,28/01/1938,20000122,Diputado,La Paz,Tandil Norte,Tandil,Buenos Aires,
Mailen,Ramirez,27/02/1967,20000125,Diputado,La Paz,Olavarria Sur,Olavarria,Buenos Aires,
Carlos,Galeano,01/01/1945,20000126,Senador,Las Camelias,Esquina Norte,Esquina,Corrientes,
Sergio,Ballesteros,29/05/1968,20000131,Senador,Alvear,Esquina Sur,Esquina,Corrientes,
Alicia,Burna,11/03/1966,20000132,Senador,Pueyrredon,Ituzaingo Norte,Ituzaingo,Corrientes,
Maria,Villanueva,18/01/1949,20000142,Senador,Las Camelias,Goya Norte,Goya,Corrientes,
Carmen,Barenghi,14/01/1939,20000143,Senador,Corrrientes,Esquina Norte,Esquina,Corrientes,
Francisco Javier,Fernandez,16/06/1929,20000148,Senador,Hipolito Yrigoyen,Ituzaingo Norte,Ituzaingo,Corrientes,
Gabriel,Ferro,10/07/1997,20000151,Senador,Chajari,Ituzaingo Sur,Ituzaingo,Corrientes,
Nerea,Buena,15/08/1988,20000155,Senador,Las Rosas,Esquina Norte,Esquina,Corrientes,
Javier,De Ferrari,23/06/1961,20000160,Senador,La Paz,Esquina Sur,Esquina,Corrientes,
Jesus,De Ferrari,08/07/1985,20000168,Senador,Andrade,Esquina Norte,Esquina,Corrientes,
Andrea,Salto,28/01/1990,20000173,Senador,Las Violetas,Esquina Sur,Esquina,Corrientes,
